Date,Hope Villa,Darji,Kalhar,Kuber F 606,Shilaj,Shilaj Minit,Kuber A 702,Kuber D. 501,Aditi ben D. 304,Seshapani,Electric,Dream Rice,Axis bank bopal,Kishan bopal,Asite rajpat rod,Tarun patel,Shilaj A 901 Mansi,Hair Affair,Cash Dreem Rise,Cash I,Cash Kuber Schin E,Sentosa
2026-09-01,2+2,2+1,1+2,1+1,2,,,,1+5,1,1,4,1,2,6,,,,1,4,,
2026-09-02,2+2,2+1,1+2,1+1,2,,,,1+5,1,3,4,1,2,2,,,,2,4,,
2026-09-03,2+2,2+1,4+12,1+1,2,,,,,1,,0,1,,2,,,,3,4,,
2026-09-04,2+2,3+2,2,,,3,,,,1,,,,,,,,,2,,,
2026-09-05,2+2,3+2,2,,,3,,,,,,,,,,,,,1,5+1,1,
2026-09-07,2+2,3+1,1+2,1,3,,,,2,1,,,2,2,3,,1,2,,,2,
2026-09-08,2+2,2+1,1+2,1+1,3,,3,,1+5,1,,,5,,3,,,,,,1,
2026-09-09,2+2,2+1,1+2,1+1,3,,2,4,1+5,1,1,,5,1,5,,,2,,1,1,
2026-09-10,2+2,2+1,1+2,1+1,3,,,3,1+5,1,1,,4,1,4,,,,,,2,
2026-09-11,2+2,2+1,1+2,1,3,,,5,1+5,1,1,,6,1,9,,2,1,1,,,
2026-09-12,2+2,2+2,1+2,1+1,3,,,,2,,1,,5,,,,,2,1,,3+2+1,
2026-09-13,2+2,3+2,1+2,1,3,2,,,1+5,,1,,,,,,,,,,,1+1.5
2026-09-14,2+2,4+2,2+2,1+1,3,,,4,1+5,,1,,4,,,,2,,2,2,,4+1.5,
2026-09-15,2+2,3+2,1+2,1,3,,3,2,1+5,,1,,3,3,3,,,,2,,,1
2026-09-16,2+2,3+2,3+3,1+1,3,,,2,1+5,1,1,2,5,1,4,,,2,2,2,,1
2026-09-17,2+2,3+2,4+2,1+1,3,,,4,1+5,1,,,5,1,5,,2,,3,,,1
